rotulo,cenario,repeticao,tempo_ms,status,bytes
demo-tailscale,listar,5,4.3811999998979445,200,9612
demo-tailscale,listar,6,4.297800000131247,200,9612
demo-tailscale,listar,7,4.863799999839102,200,9612
demo-tailscale,listar,8,4.676300000028277,200,9612
demo-tailscale,listar,9,4.510900000241236,200,9612
demo-tailscale,listar,10,3.9335000001301523,200,9612
demo-tailscale,listar,11,4.122800000004645,200,9612
demo-tailscale,listar,12,3.8441000001512293,200,9612
demo-tailscale,listar,13,4.602900000008958,200,9612
demo-tailscale,listar,14,4.597899999680521,200,9612
demo-tailscale,listar,15,5.03260000004957,200,9612
demo-tailscale,listar,16,5.239699999947334,200,9612
demo-tailscale,listar,17,5.2004000003762485,200,9612
demo-tailscale,listar,18,4.935299999942799,200,9612
demo-tailscale,listar,19,4.884100000253966,200,9612
demo-tailscale,listar,20,4.679200000282435,200,9612
demo-tailscale,listar,21,5.385699999806093,200,9612
demo-tailscale,listar,22,5.122099999880447,200,9612
demo-tailscale,listar,23,4.589799999848765,200,9612
demo-tailscale,listar,24,4.5111999997971,200,9612
demo-tailscale,listar,25,4.208899999866844,200,9612
demo-tailscale,listar,26,3.7003000002187036,200,9612
demo-tailscale,listar,27,3.8460000000668515,200,9612
demo-tailscale,listar,28,3.7939000003461842,200,9612
demo-tailscale,listar,29,3.6706999999296386,200,9612
demo-tailscale,listar,30,4.6573999998145155,200,9612
demo-tailscale,listar,31,3.9673999999649823,200,9612
demo-tailscale,listar,32,3.6413000002539775,200,9612
demo-tailscale,listar,33,3.8233000000218453,200,9612
demo-tailscale,listar,34,3.9947999998730666,200,9612
demo-tailscale,listar,35,4.568099999687547,200,9612
demo-tailscale,listar,36,3.9669000002504617,200,9612
demo-tailscale,listar,37,3.9996000000428467,200,9612
demo-tailscale,listar,38,4.10409999994954,200,9612
demo-tailscale,listar,39,3.8403999997171923,200,9612
demo-tailscale,listar,40,3.7090000000716827,200,9612
demo-tailscale,listar,41,3.754800000024261,200,9612
demo-tailscale,listar,42,3.5932999999204185,200,9612
demo-tailscale,listar,43,3.844200000003184,200,9612
demo-tailscale,listar,44,3.716100000019651,200,9612
demo-tailscale,listar,45,3.5781999999926484,200,9612
demo-tailscale,listar,46,3.536799999892537,200,9612
demo-tailscale,listar,47,3.8024999998924613,200,9612
demo-tailscale,listar,48,4.667700000027253,200,9612
demo-tailscale,listar,49,3.9359000002150424,200,9612
demo-tailscale,listar,50,3.9127000000007683,200,9612
demo-tailscale,listar,51,3.939600000194332,200,9612
demo-tailscale,listar,52,4.415899999912654,200,9612
demo-tailscale,listar,53,4.043299999921146,200,9612
demo-tailscale,listar,54,3.9943999995557533,200,9612
demo-tailscale,listar_regiao,5,5.0616999997146195,200,9612
demo-tailscale,listar_regiao,6,4.216199999973469,200,9612
demo-tailscale,listar_regiao,7,4.121100000247679,200,9612
demo-tailscale,listar_regiao,8,4.607100000157516,200,9612
demo-tailscale,listar_regiao,9,5.080200000065815,200,9612
demo-tailscale,listar_regiao,10,4.814899999928457,200,9612
demo-tailscale,listar_regiao,11,4.666700000143464,200,9612
demo-tailscale,listar_regiao,12,5.063999999947555,200,9612
demo-tailscale,listar_regiao,13,5.094300000109797,200,9612
demo-tailscale,listar_regiao,14,4.945900000166148,200,9612
demo-tailscale,listar_regiao,15,5.682299999989482,200,9612
demo-tailscale,listar_regiao,16,4.9347999997735315,200,9612
demo-tailscale,listar_regiao,17,4.6471000000565255,200,9612
demo-tailscale,listar_regiao,18,5.450099999961822,200,9612
demo-tailscale,listar_regiao,19,4.834599999867351,200,9612
demo-tailscale,listar_regiao,20,4.834200000004785,200,9612
demo-tailscale,listar_regiao,21,5.742199999986042,200,9612
demo-tailscale,listar_regiao,22,4.9994999999398715,200,9612
demo-tailscale,listar_regiao,23,4.312900000059017,200,9612
demo-tailscale,listar_regiao,24,4.152799999701529,200,9612
demo-tailscale,listar_regiao,25,5.211400000007416,200,9612
demo-tailscale,listar_regiao,26,4.779899999903137,200,9612
demo-tailscale,listar_regiao,27,4.6094999997876585,200,9612
demo-tailscale,listar_regiao,28,4.4579000000339875,200,9612
demo-tailscale,listar_regiao,29,4.1685000001052686,200,9612
demo-tailscale,listar_regiao,30,4.303199999867502,200,9612
demo-tailscale,listar_regiao,31,4.248700000061945,200,9612
demo-tailscale,listar_regiao,32,4.49479999997493,200,9612
demo-tailscale,listar_regiao,33,4.241499999807274,200,9612
demo-tailscale,listar_regiao,34,4.190199999811739,200,9612
demo-tailscale,listar_regiao,35,4.373999999643274,200,9612
demo-tailscale,listar_regiao,36,4.917499999919528,200,9612
demo-tailscale,listar_regiao,37,4.7168999999485095,200,9612
demo-tailscale,listar_regiao,38,4.642700000204059,200,9612
demo-tailscale,listar_regiao,39,6.4405000002807355,200,9612
demo-tailscale,listar_regiao,40,4.718400000001566,200,9612
demo-tailscale,listar_regiao,41,4.2126999996980885,200,9612
demo-tailscale,listar_regiao,42,4.372899999907531,200,9612
demo-tailscale,listar_regiao,43,4.36470000022382,200,9612
demo-tailscale,listar_regiao,44,4.2709999997896375,200,9612
demo-tailscale,listar_regiao,45,4.146000000218919,200,9612
demo-tailscale,listar_regiao,46,4.057800000282441,200,9612
demo-tailscale,listar_regiao,47,5.0671000003603694,200,9612
demo-tailscale,listar_regiao,48,4.81900000022506,200,9612
demo-tailscale,listar_regiao,49,5.984899999930349,200,9612
demo-tailscale,listar_regiao,50,6.464600000072096,200,9612
demo-tailscale,listar_regiao,51,5.587100000411738,200,9612
demo-tailscale,listar_regiao,52,5.253699999684613,200,9612
demo-tailscale,listar_regiao,53,5.7849999998325075,200,9612
demo-tailscale,listar_regiao,54,5.412099999830389,200,9612
demo-tailscale,listar_periodo,5,4.4198999999025546,200,3188
demo-tailscale,listar_periodo,6,4.206199999771343,200,3188
demo-tailscale,listar_periodo,7,3.964300000006915,200,3188
demo-tailscale,listar_periodo,8,4.0051999999377585,200,3188
demo-tailscale,listar_periodo,9,3.9334000002781977,200,3188
demo-tailscale,listar_periodo,10,3.857500000322034,200,3188
demo-tailscale,listar_periodo,11,3.6847999999736203,200,3188
demo-tailscale,listar_periodo,12,3.779099999974278,200,3188
demo-tailscale,listar_periodo,13,4.4330999999147025,200,3188
demo-tailscale,listar_periodo,14,4.686199999923701,200,3188
demo-tailscale,listar_periodo,15,4.079000000274391,200,3188
demo-tailscale,listar_periodo,16,3.932599999643571,200,3188
demo-tailscale,listar_periodo,17,5.0329999999121355,200,3188
demo-tailscale,listar_periodo,18,4.161900000326568,200,3188
demo-tailscale,listar_periodo,19,3.8083999997979845,200,3188
demo-tailscale,listar_periodo,20,4.014200000256096,200,3188
demo-tailscale,listar_periodo,21,4.91520000014134,200,3188
demo-tailscale,listar_periodo,22,5.413999999746011,200,3188
demo-tailscale,listar_periodo,23,4.842199999984587,200,3188
demo-tailscale,listar_periodo,24,4.837699999825418,200,3188
demo-tailscale,listar_periodo,25,5.202099999678467,200,3188
demo-tailscale,listar_periodo,26,4.5820000000276195,200,3188
demo-tailscale,listar_periodo,27,4.402099999879283,200,3188
demo-tailscale,listar_periodo,28,4.6403000001191685,200,3188
demo-tailscale,listar_periodo,29,4.237199999806762,200,3188
demo-tailscale,listar_periodo,30,3.926699999738048,200,3188
demo-tailscale,listar_periodo,31,3.679800000099931,200,3188
demo-tailscale,listar_periodo,32,4.248700000061945,200,3188
demo-tailscale,listar_periodo,33,4.188799999610637,200,3188
demo-tailscale,listar_periodo,34,3.9206999999805703,200,3188
demo-tailscale,listar_periodo,35,3.674099999898317,200,3188
demo-tailscale,listar_periodo,36,4.346899999745801,200,3188
demo-tailscale,listar_periodo,37,4.572700000153418,200,3188
demo-tailscale,listar_periodo,38,4.686200000378449,200,3188
demo-tailscale,listar_periodo,39,4.891199999747187,200,3188
demo-tailscale,listar_periodo,40,5.2378000000317115,200,3188
demo-tailscale,listar_periodo,41,4.796100000021397,200,3188
demo-tailscale,listar_periodo,42,4.588300000250456,200,3188
demo-tailscale,listar_periodo,43,4.720399999769143,200,3188
demo-tailscale,listar_periodo,44,4.687299999659444,200,3188
demo-tailscale,listar_periodo,45,4.498100000091654,200,3188
demo-tailscale,listar_periodo,46,4.573800000343908,200,3188
demo-tailscale,listar_periodo,47,5.259400000340975,200,3188
demo-tailscale,listar_periodo,48,4.142400000091584,200,3188
demo-tailscale,listar_periodo,49,4.48759999972026,200,3188
demo-tailscale,listar_periodo,50,4.972599999746308,200,3188
demo-tailscale,listar_periodo,51,4.990700000234938,200,3188
demo-tailscale,listar_periodo,52,4.717100000107166,200,3188
demo-tailscale,listar_periodo,53,4.746399999930873,200,3188
demo-tailscale,listar_periodo,54,4.824999999982538,200,3188
demo-tailscale,criar_manual,5,40.188599999964936,201,276
demo-tailscale,criar_manual,6,26.801999999861437,201,276
demo-tailscale,criar_manual,7,20.368800000142073,201,276
demo-tailscale,criar_manual,8,19.327900000007503,201,276
demo-tailscale,criar_manual,9,20.133999999870866,201,276
demo-tailscale,criar_manual,10,13.262500000109867,201,276
demo-tailscale,criar_manual,11,13.338700000076642,201,276
demo-tailscale,criar_manual,12,20.516199999747187,201,276
demo-tailscale,criar_manual,13,26.620200000252225,201,276
demo-tailscale,criar_manual,14,12.801699999727134,201,276
demo-tailscale,criar_manual,15,16.590700000051584,201,276
demo-tailscale,criar_manual,16,16.591300000072806,201,276
demo-tailscale,criar_manual,17,21.787700000004406,201,276
demo-tailscale,criar_manual,18,12.306899999657617,201,276
demo-tailscale,criar_manual,19,22.40299999994022,201,276
demo-tailscale,criar_manual,20,22.328600000037113,201,276
demo-tailscale,criar_manual,21,23.10689999967508,201,276
demo-tailscale,criar_manual,22,22.340799999710725,201,276
demo-tailscale,criar_manual,23,24.508700000296813,201,276
demo-tailscale,criar_manual,24,22.208500000033382,201,276
demo-tailscale,criar_manual,25,22.86950000006982,201,276
demo-tailscale,criar_manual,26,22.588299999824812,201,276
demo-tailscale,criar_manual,27,17.715899999984686,201,276
demo-tailscale,criar_manual,28,16.373700000258395,201,276
demo-tailscale,criar_manual,29,17.143300000043382,201,276
demo-tailscale,criar_manual,30,17.087100000026112,201,276
demo-tailscale,criar_manual,31,16.858899999988353,201,276
demo-tailscale,criar_manual,32,22.04829999982394,201,276
demo-tailscale,criar_manual,33,22.817500000201107,201,276
demo-tailscale,criar_manual,34,62.97660000018368,201,276
demo-tailscale,criar_manual,35,14.301599999726022,201,276
demo-tailscale,criar_manual,36,16.03609999983746,201,276
demo-tailscale,criar_manual,37,16.50179999978718,201,276
demo-tailscale,criar_manual,38,26.76130000008925,201,276
demo-tailscale,criar_manual,39,27.673699999922974,201,276
demo-tailscale,criar_manual,40,311.25040000006265,201,276
demo-tailscale,criar_manual,41,156.0488999998597,201,276
demo-tailscale,criar_manual,42,259.5678000002408,201,276
demo-tailscale,criar_manual,43,204.47489999969548,201,276
demo-tailscale,criar_manual,44,102.1931999998742,201,276
demo-tailscale,criar_manual,45,150.53370000032373,201,276
demo-tailscale,criar_manual,46,310.8284999998432,201,276
demo-tailscale,criar_manual,47,334.4965000001139,201,276
demo-tailscale,criar_manual,48,391.3793000001533,201,276
demo-tailscale,criar_manual,49,145.18909999969765,201,276
demo-tailscale,criar_manual,50,194.75910000028307,201,276
demo-tailscale,criar_manual,51,147.87089999981617,201,276
demo-tailscale,criar_manual,52,287.8335000000334,201,276
demo-tailscale,criar_manual,53,139.1489000002366,201,276
demo-tailscale,criar_manual,54,93.60740000010992,201,276
demo-tailscale,obter,5,2.7227999999013264,200,336
demo-tailscale,obter,6,2.618800000163901,200,336
demo-tailscale,obter,7,2.6642000002539135,200,336
demo-tailscale,obter,8,2.5800999997045437,200,336
demo-tailscale,obter,9,2.6564999998299754,200,336
demo-tailscale,obter,10,2.736099999765429,200,336
demo-tailscale,obter,11,2.6505999999244523,200,336
demo-tailscale,obter,12,2.6227000003018475,200,336
demo-tailscale,obter,13,2.6243999996040657,200,336
demo-tailscale,obter,14,2.670599999873957,200,336
demo-tailscale,obter,15,2.614399999856687,200,336
demo-tailscale,obter,16,3.2313000001522596,200,336
demo-tailscale,obter,17,3.1903000003694615,200,336
demo-tailscale,obter,18,3.091800000220246,200,336
demo-tailscale,obter,19,2.938200000244251,200,336
demo-tailscale,obter,20,2.6435999998284387,200,336
demo-tailscale,obter,21,2.839100000073813,200,336
demo-tailscale,obter,22,2.648599999702128,200,336
demo-tailscale,obter,23,2.692999999908352,200,336
demo-tailscale,obter,24,2.685500000097818,200,336
demo-tailscale,obter,25,2.661900000020978,200,336
demo-tailscale,obter,26,2.903000000060274,200,336
demo-tailscale,obter,27,5.158799999662733,200,336
demo-tailscale,obter,28,7.096899999851303,200,336
demo-tailscale,obter,29,4.5714999996562256,200,336
demo-tailscale,obter,30,5.037800000081916,200,336
demo-tailscale,obter,31,4.24139999995532,200,336
demo-tailscale,obter,32,4.475700000057259,200,336
demo-tailscale,obter,33,4.045099999984814,200,336
demo-tailscale,obter,34,2.934900000127527,200,336
demo-tailscale,obter,35,2.6821000001291395,200,336
demo-tailscale,obter,36,2.719900000101916,200,336
demo-tailscale,obter,37,2.6866999996855156,200,336
demo-tailscale,obter,38,2.6885000002039305,200,336
demo-tailscale,obter,39,2.65239999998812,200,336
demo-tailscale,obter,40,2.5981999997384264,200,336
demo-tailscale,obter,41,2.5815999997576,200,336
demo-tailscale,obter,42,2.603599999929429,200,336
demo-tailscale,obter,43,2.660000000105356,200,336
demo-tailscale,obter,44,3.4811999998964893,200,336
demo-tailscale,obter,45,3.243299999667215,200,336
demo-tailscale,obter,46,2.8208999997332285,200,336
demo-tailscale,obter,47,2.7562999998735904,200,336
demo-tailscale,obter,48,2.7918999999201333,200,336
demo-tailscale,obter,49,2.6443000001563632,200,336
demo-tailscale,obter,50,2.6048999998238287,200,336
demo-tailscale,obter,51,2.5587000000086846,200,336
demo-tailscale,obter,52,2.553400000124384,200,336
demo-tailscale,obter,53,2.683799999886105,200,336
demo-tailscale,obter,54,3.1309999999393767,200,336
