escala,indice,consulta,repeticao,tempo_ms,linhas,plano
1000,True,endpoint,0,0.032,7,Limit > Sort > Bitmap Heap Scan > Bitmap Index Scan[idx_ocorrencias_geom]
1000,True,endpoint,1,0.032,7,Limit > Sort > Bitmap Heap Scan > Bitmap Index Scan[idx_ocorrencias_geom]
1000,True,endpoint,2,0.031,7,Limit > Sort > Bitmap Heap Scan > Bitmap Index Scan[idx_ocorrencias_geom]
1000,True,endpoint,3,0.031,7,Limit > Sort > Bitmap Heap Scan > Bitmap Index Scan[idx_ocorrencias_geom]
1000,True,endpoint,4,0.031,7,Limit > Sort > Bitmap Heap Scan > Bitmap Index Scan[idx_ocorrencias_geom]
1000,True,endpoint,5,0.031,7,Limit > Sort > Bitmap Heap Scan > Bitmap Index Scan[idx_ocorrencias_geom]
1000,True,endpoint,6,0.031,7,Limit > Sort > Bitmap Heap Scan > Bitmap Index Scan[idx_ocorrencias_geom]
1000,True,endpoint,7,0.035,7,Limit > Sort > Bitmap Heap Scan > Bitmap Index Scan[idx_ocorrencias_geom]
1000,True,endpoint,8,0.033,7,Limit > Sort > Bitmap Heap Scan > Bitmap Index Scan[idx_ocorrencias_geom]
1000,True,endpoint,9,0.047,7,Limit > Sort > Bitmap Heap Scan > Bitmap Index Scan[idx_ocorrencias_geom]
1000,True,endpoint,10,0.032,7,Limit > Sort > Bitmap Heap Scan > Bitmap Index Scan[idx_ocorrencias_geom]
1000,True,endpoint,11,0.034,7,Limit > Sort > Bitmap Heap Scan > Bitmap Index Scan[idx_ocorrencias_geom]
1000,True,endpoint,12,0.036,7,Limit > Sort > Bitmap Heap Scan > Bitmap Index Scan[idx_ocorrencias_geom]
1000,True,endpoint,13,0.033,7,Limit > Sort > Bitmap Heap Scan > Bitmap Index Scan[idx_ocorrencias_geom]
1000,True,endpoint,14,0.032,7,Limit > Sort > Bitmap Heap Scan > Bitmap Index Scan[idx_ocorrencias_geom]
1000,True,endpoint,15,0.031,7,Limit > Sort > Bitmap Heap Scan > Bitmap Index Scan[idx_ocorrencias_geom]
1000,True,endpoint,16,0.034,7,Limit > Sort > Bitmap Heap Scan > Bitmap Index Scan[idx_ocorrencias_geom]
1000,True,endpoint,17,0.031,7,Limit > Sort > Bitmap Heap Scan > Bitmap Index Scan[idx_ocorrencias_geom]
1000,True,endpoint,18,0.031,7,Limit > Sort > Bitmap Heap Scan > Bitmap Index Scan[idx_ocorrencias_geom]
1000,True,endpoint,19,0.031,7,Limit > Sort > Bitmap Heap Scan > Bitmap Index Scan[idx_ocorrencias_geom]
1000,True,espacial,0,0.031,1,Aggregate > Bitmap Heap Scan > Bitmap Index Scan[idx_ocorrencias_geom]
1000,True,espacial,1,0.03,1,Aggregate > Bitmap Heap Scan > Bitmap Index Scan[idx_ocorrencias_geom]
1000,True,espacial,2,0.03,1,Aggregate > Bitmap Heap Scan > Bitmap Index Scan[idx_ocorrencias_geom]
1000,True,espacial,3,0.034,1,Aggregate > Bitmap Heap Scan > Bitmap Index Scan[idx_ocorrencias_geom]
1000,True,espacial,4,0.033,1,Aggregate > Bitmap Heap Scan > Bitmap Index Scan[idx_ocorrencias_geom]
1000,True,espacial,5,0.032,1,Aggregate > Bitmap Heap Scan > Bitmap Index Scan[idx_ocorrencias_geom]
1000,True,espacial,6,0.033,1,Aggregate > Bitmap Heap Scan > Bitmap Index Scan[idx_ocorrencias_geom]
1000,True,espacial,7,0.045,1,Aggregate > Bitmap Heap Scan > Bitmap Index Scan[idx_ocorrencias_geom]
1000,True,espacial,8,0.032,1,Aggregate > Bitmap Heap Scan > Bitmap Index Scan[idx_ocorrencias_geom]
1000,True,espacial,9,0.043,1,Aggregate > Bitmap Heap Scan > Bitmap Index Scan[idx_ocorrencias_geom]
1000,True,espacial,10,0.031,1,Aggregate > Bitmap Heap Scan > Bitmap Index Scan[idx_ocorrencias_geom]
1000,True,espacial,11,0.031,1,Aggregate > Bitmap Heap Scan > Bitmap Index Scan[idx_ocorrencias_geom]
1000,True,espacial,12,0.031,1,Aggregate > Bitmap Heap Scan > Bitmap Index Scan[idx_ocorrencias_geom]
1000,True,espacial,13,0.03,1,Aggregate > Bitmap Heap Scan > Bitmap Index Scan[idx_ocorrencias_geom]
1000,True,espacial,14,0.031,1,Aggregate > Bitmap Heap Scan > Bitmap Index Scan[idx_ocorrencias_geom]
1000,True,espacial,15,0.035,1,Aggregate > Bitmap Heap Scan > Bitmap Index Scan[idx_ocorrencias_geom]
1000,True,espacial,16,0.03,1,Aggregate > Bitmap Heap Scan > Bitmap Index Scan[idx_ocorrencias_geom]
1000,True,espacial,17,0.031,1,Aggregate > Bitmap Heap Scan > Bitmap Index Scan[idx_ocorrencias_geom]
1000,True,espacial,18,0.031,1,Aggregate > Bitmap Heap Scan > Bitmap Index Scan[idx_ocorrencias_geom]
1000,True,espacial,19,0.031,1,Aggregate > Bitmap Heap Scan > Bitmap Index Scan[idx_ocorrencias_geom]
10000,True,endpoint,0,0.068,48,Limit > Sort > Bitmap Heap Scan > Bitmap Index Scan[idx_ocorrencias_geom]
10000,True,endpoint,1,0.067,48,Limit > Sort > Bitmap Heap Scan > Bitmap Index Scan[idx_ocorrencias_geom]
10000,True,endpoint,2,0.067,48,Limit > Sort > Bitmap Heap Scan > Bitmap Index Scan[idx_ocorrencias_geom]
10000,True,endpoint,3,0.066,48,Limit > Sort > Bitmap Heap Scan > Bitmap Index Scan[idx_ocorrencias_geom]
10000,True,endpoint,4,0.066,48,Limit > Sort > Bitmap Heap Scan > Bitmap Index Scan[idx_ocorrencias_geom]
10000,True,endpoint,5,0.07,48,Limit > Sort > Bitmap Heap Scan > Bitmap Index Scan[idx_ocorrencias_geom]
10000,True,endpoint,6,0.066,48,Limit > Sort > Bitmap Heap Scan > Bitmap Index Scan[idx_ocorrencias_geom]
10000,True,endpoint,7,0.066,48,Limit > Sort > Bitmap Heap Scan > Bitmap Index Scan[idx_ocorrencias_geom]
10000,True,endpoint,8,0.089,48,Limit > Sort > Bitmap Heap Scan > Bitmap Index Scan[idx_ocorrencias_geom]
10000,True,endpoint,9,0.067,48,Limit > Sort > Bitmap Heap Scan > Bitmap Index Scan[idx_ocorrencias_geom]
10000,True,endpoint,10,0.066,48,Limit > Sort > Bitmap Heap Scan > Bitmap Index Scan[idx_ocorrencias_geom]
10000,True,endpoint,11,0.069,48,Limit > Sort > Bitmap Heap Scan > Bitmap Index Scan[idx_ocorrencias_geom]
10000,True,endpoint,12,0.075,48,Limit > Sort > Bitmap Heap Scan > Bitmap Index Scan[idx_ocorrencias_geom]
10000,True,endpoint,13,0.094,48,Limit > Sort > Bitmap Heap Scan > Bitmap Index Scan[idx_ocorrencias_geom]
10000,True,endpoint,14,0.068,48,Limit > Sort > Bitmap Heap Scan > Bitmap Index Scan[idx_ocorrencias_geom]
10000,True,endpoint,15,0.067,48,Limit > Sort > Bitmap Heap Scan > Bitmap Index Scan[idx_ocorrencias_geom]
10000,True,endpoint,16,0.066,48,Limit > Sort > Bitmap Heap Scan > Bitmap Index Scan[idx_ocorrencias_geom]
10000,True,endpoint,17,0.065,48,Limit > Sort > Bitmap Heap Scan > Bitmap Index Scan[idx_ocorrencias_geom]
10000,True,endpoint,18,0.065,48,Limit > Sort > Bitmap Heap Scan > Bitmap Index Scan[idx_ocorrencias_geom]
10000,True,endpoint,19,0.067,48,Limit > Sort > Bitmap Heap Scan > Bitmap Index Scan[idx_ocorrencias_geom]
10000,True,espacial,0,0.048,1,Aggregate > Bitmap Heap Scan > Bitmap Index Scan[idx_ocorrencias_geom]
10000,True,espacial,1,0.051,1,Aggregate > Bitmap Heap Scan > Bitmap Index Scan[idx_ocorrencias_geom]
10000,True,espacial,2,0.046,1,Aggregate > Bitmap Heap Scan > Bitmap Index Scan[idx_ocorrencias_geom]
10000,True,espacial,3,0.047,1,Aggregate > Bitmap Heap Scan > Bitmap Index Scan[idx_ocorrencias_geom]
10000,True,espacial,4,0.047,1,Aggregate > Bitmap Heap Scan > Bitmap Index Scan[idx_ocorrencias_geom]
10000,True,espacial,5,0.046,1,Aggregate > Bitmap Heap Scan > Bitmap Index Scan[idx_ocorrencias_geom]
10000,True,espacial,6,0.078,1,Aggregate > Bitmap Heap Scan > Bitmap Index Scan[idx_ocorrencias_geom]
10000,True,espacial,7,0.054,1,Aggregate > Bitmap Heap Scan > Bitmap Index Scan[idx_ocorrencias_geom]
10000,True,espacial,8,0.049,1,Aggregate > Bitmap Heap Scan > Bitmap Index Scan[idx_ocorrencias_geom]
10000,True,espacial,9,0.047,1,Aggregate > Bitmap Heap Scan > Bitmap Index Scan[idx_ocorrencias_geom]
10000,True,espacial,10,0.049,1,Aggregate > Bitmap Heap Scan > Bitmap Index Scan[idx_ocorrencias_geom]
10000,True,espacial,11,0.049,1,Aggregate > Bitmap Heap Scan > Bitmap Index Scan[idx_ocorrencias_geom]
10000,True,espacial,12,0.048,1,Aggregate > Bitmap Heap Scan > Bitmap Index Scan[idx_ocorrencias_geom]
10000,True,espacial,13,0.048,1,Aggregate > Bitmap Heap Scan > Bitmap Index Scan[idx_ocorrencias_geom]
10000,True,espacial,14,0.046,1,Aggregate > Bitmap Heap Scan > Bitmap Index Scan[idx_ocorrencias_geom]
10000,True,espacial,15,0.046,1,Aggregate > Bitmap Heap Scan > Bitmap Index Scan[idx_ocorrencias_geom]
10000,True,espacial,16,0.06,1,Aggregate > Bitmap Heap Scan > Bitmap Index Scan[idx_ocorrencias_geom]
10000,True,espacial,17,0.046,1,Aggregate > Bitmap Heap Scan > Bitmap Index Scan[idx_ocorrencias_geom]
10000,True,espacial,18,0.046,1,Aggregate > Bitmap Heap Scan > Bitmap Index Scan[idx_ocorrencias_geom]
10000,True,espacial,19,0.046,1,Aggregate > Bitmap Heap Scan > Bitmap Index Scan[idx_ocorrencias_geom]
100000,True,endpoint,0,0.361,100,Limit > Sort > Bitmap Heap Scan > Bitmap Index Scan[idx_ocorrencias_geom]
100000,True,endpoint,1,0.342,100,Limit > Sort > Bitmap Heap Scan > Bitmap Index Scan[idx_ocorrencias_geom]
100000,True,endpoint,2,0.351,100,Limit > Sort > Bitmap Heap Scan > Bitmap Index Scan[idx_ocorrencias_geom]
100000,True,endpoint,3,0.326,100,Limit > Sort > Bitmap Heap Scan > Bitmap Index Scan[idx_ocorrencias_geom]
100000,True,endpoint,4,0.341,100,Limit > Sort > Bitmap Heap Scan > Bitmap Index Scan[idx_ocorrencias_geom]
100000,True,endpoint,5,0.322,100,Limit > Sort > Bitmap Heap Scan > Bitmap Index Scan[idx_ocorrencias_geom]
100000,True,endpoint,6,0.32,100,Limit > Sort > Bitmap Heap Scan > Bitmap Index Scan[idx_ocorrencias_geom]
100000,True,endpoint,7,0.322,100,Limit > Sort > Bitmap Heap Scan > Bitmap Index Scan[idx_ocorrencias_geom]
100000,True,endpoint,8,0.319,100,Limit > Sort > Bitmap Heap Scan > Bitmap Index Scan[idx_ocorrencias_geom]
100000,True,endpoint,9,0.332,100,Limit > Sort > Bitmap Heap Scan > Bitmap Index Scan[idx_ocorrencias_geom]
100000,True,endpoint,10,0.324,100,Limit > Sort > Bitmap Heap Scan > Bitmap Index Scan[idx_ocorrencias_geom]
100000,True,endpoint,11,0.347,100,Limit > Sort > Bitmap Heap Scan > Bitmap Index Scan[idx_ocorrencias_geom]
100000,True,endpoint,12,0.324,100,Limit > Sort > Bitmap Heap Scan > Bitmap Index Scan[idx_ocorrencias_geom]
100000,True,endpoint,13,0.375,100,Limit > Sort > Bitmap Heap Scan > Bitmap Index Scan[idx_ocorrencias_geom]
100000,True,endpoint,14,0.348,100,Limit > Sort > Bitmap Heap Scan > Bitmap Index Scan[idx_ocorrencias_geom]
100000,True,endpoint,15,0.33,100,Limit > Sort > Bitmap Heap Scan > Bitmap Index Scan[idx_ocorrencias_geom]
100000,True,endpoint,16,0.326,100,Limit > Sort > Bitmap Heap Scan > Bitmap Index Scan[idx_ocorrencias_geom]
100000,True,endpoint,17,0.325,100,Limit > Sort > Bitmap Heap Scan > Bitmap Index Scan[idx_ocorrencias_geom]
100000,True,endpoint,18,0.322,100,Limit > Sort > Bitmap Heap Scan > Bitmap Index Scan[idx_ocorrencias_geom]
100000,True,endpoint,19,0.349,100,Limit > Sort > Bitmap Heap Scan > Bitmap Index Scan[idx_ocorrencias_geom]
100000,True,espacial,0,0.183,1,Aggregate > Bitmap Heap Scan > Bitmap Index Scan[idx_ocorrencias_geom]
100000,True,espacial,1,0.186,1,Aggregate > Bitmap Heap Scan > Bitmap Index Scan[idx_ocorrencias_geom]
100000,True,espacial,2,0.178,1,Aggregate > Bitmap Heap Scan > Bitmap Index Scan[idx_ocorrencias_geom]
100000,True,espacial,3,0.184,1,Aggregate > Bitmap Heap Scan > Bitmap Index Scan[idx_ocorrencias_geom]
100000,True,espacial,4,0.182,1,Aggregate > Bitmap Heap Scan > Bitmap Index Scan[idx_ocorrencias_geom]
100000,True,espacial,5,0.181,1,Aggregate > Bitmap Heap Scan > Bitmap Index Scan[idx_ocorrencias_geom]
100000,True,espacial,6,0.178,1,Aggregate > Bitmap Heap Scan > Bitmap Index Scan[idx_ocorrencias_geom]
100000,True,espacial,7,0.234,1,Aggregate > Bitmap Heap Scan > Bitmap Index Scan[idx_ocorrencias_geom]
100000,True,espacial,8,0.174,1,Aggregate > Bitmap Heap Scan > Bitmap Index Scan[idx_ocorrencias_geom]
100000,True,espacial,9,0.176,1,Aggregate > Bitmap Heap Scan > Bitmap Index Scan[idx_ocorrencias_geom]
100000,True,espacial,10,0.172,1,Aggregate > Bitmap Heap Scan > Bitmap Index Scan[idx_ocorrencias_geom]
100000,True,espacial,11,0.209,1,Aggregate > Bitmap Heap Scan > Bitmap Index Scan[idx_ocorrencias_geom]
100000,True,espacial,12,0.18,1,Aggregate > Bitmap Heap Scan > Bitmap Index Scan[idx_ocorrencias_geom]
100000,True,espacial,13,0.177,1,Aggregate > Bitmap Heap Scan > Bitmap Index Scan[idx_ocorrencias_geom]
100000,True,espacial,14,0.188,1,Aggregate > Bitmap Heap Scan > Bitmap Index Scan[idx_ocorrencias_geom]
100000,True,espacial,15,0.179,1,Aggregate > Bitmap Heap Scan > Bitmap Index Scan[idx_ocorrencias_geom]
100000,True,espacial,16,0.178,1,Aggregate > Bitmap Heap Scan > Bitmap Index Scan[idx_ocorrencias_geom]
100000,True,espacial,17,0.179,1,Aggregate > Bitmap Heap Scan > Bitmap Index Scan[idx_ocorrencias_geom]
100000,True,espacial,18,0.176,1,Aggregate > Bitmap Heap Scan > Bitmap Index Scan[idx_ocorrencias_geom]
100000,True,espacial,19,0.192,1,Aggregate > Bitmap Heap Scan > Bitmap Index Scan[idx_ocorrencias_geom]
1000000,True,endpoint,0,12.621,100,Limit > Index Scan[idx_ocorrencias_data_hora]
1000000,True,endpoint,1,11.344,100,Limit > Index Scan[idx_ocorrencias_data_hora]
1000000,True,endpoint,2,10.605,100,Limit > Index Scan[idx_ocorrencias_data_hora]
1000000,True,endpoint,3,11.524,100,Limit > Index Scan[idx_ocorrencias_data_hora]
1000000,True,endpoint,4,12.607,100,Limit > Index Scan[idx_ocorrencias_data_hora]
1000000,True,endpoint,5,11.302,100,Limit > Index Scan[idx_ocorrencias_data_hora]
1000000,True,endpoint,6,12.556,100,Limit > Index Scan[idx_ocorrencias_data_hora]
1000000,True,endpoint,7,11.898,100,Limit > Index Scan[idx_ocorrencias_data_hora]
1000000,True,endpoint,8,11.364,100,Limit > Index Scan[idx_ocorrencias_data_hora]
1000000,True,endpoint,9,10.771,100,Limit > Index Scan[idx_ocorrencias_data_hora]
1000000,True,endpoint,10,11.52,100,Limit > Index Scan[idx_ocorrencias_data_hora]
1000000,True,endpoint,11,10.135,100,Limit > Index Scan[idx_ocorrencias_data_hora]
1000000,True,endpoint,12,10.427,100,Limit > Index Scan[idx_ocorrencias_data_hora]
1000000,True,endpoint,13,10.47,100,Limit > Index Scan[idx_ocorrencias_data_hora]
1000000,True,endpoint,14,10.155,100,Limit > Index Scan[idx_ocorrencias_data_hora]
1000000,True,endpoint,15,10.264,100,Limit > Index Scan[idx_ocorrencias_data_hora]
1000000,True,endpoint,16,11.863,100,Limit > Index Scan[idx_ocorrencias_data_hora]
1000000,True,endpoint,17,9.425,100,Limit > Index Scan[idx_ocorrencias_data_hora]
1000000,True,endpoint,18,9.202,100,Limit > Index Scan[idx_ocorrencias_data_hora]
1000000,True,endpoint,19,9.104,100,Limit > Index Scan[idx_ocorrencias_data_hora]
1000000,True,espacial,0,4.437,1,Aggregate > Bitmap Heap Scan > Bitmap Index Scan[idx_ocorrencias_geom]
1000000,True,espacial,1,5.187,1,Aggregate > Bitmap Heap Scan > Bitmap Index Scan[idx_ocorrencias_geom]
1000000,True,espacial,2,4.49,1,Aggregate > Bitmap Heap Scan > Bitmap Index Scan[idx_ocorrencias_geom]
1000000,True,espacial,3,4.221,1,Aggregate > Bitmap Heap Scan > Bitmap Index Scan[idx_ocorrencias_geom]
1000000,True,espacial,4,4.963,1,Aggregate > Bitmap Heap Scan > Bitmap Index Scan[idx_ocorrencias_geom]
1000000,True,espacial,5,4.597,1,Aggregate > Bitmap Heap Scan > Bitmap Index Scan[idx_ocorrencias_geom]
1000000,True,espacial,6,4.411,1,Aggregate > Bitmap Heap Scan > Bitmap Index Scan[idx_ocorrencias_geom]
1000000,True,espacial,7,5.049,1,Aggregate > Bitmap Heap Scan > Bitmap Index Scan[idx_ocorrencias_geom]
1000000,True,espacial,8,4.745,1,Aggregate > Bitmap Heap Scan > Bitmap Index Scan[idx_ocorrencias_geom]
1000000,True,espacial,9,4.49,1,Aggregate > Bitmap Heap Scan > Bitmap Index Scan[idx_ocorrencias_geom]
1000000,True,espacial,10,4.703,1,Aggregate > Bitmap Heap Scan > Bitmap Index Scan[idx_ocorrencias_geom]
1000000,True,espacial,11,4.18,1,Aggregate > Bitmap Heap Scan > Bitmap Index Scan[idx_ocorrencias_geom]
1000000,True,espacial,12,4.425,1,Aggregate > Bitmap Heap Scan > Bitmap Index Scan[idx_ocorrencias_geom]
1000000,True,espacial,13,5.411,1,Aggregate > Bitmap Heap Scan > Bitmap Index Scan[idx_ocorrencias_geom]
1000000,True,espacial,14,4.928,1,Aggregate > Bitmap Heap Scan > Bitmap Index Scan[idx_ocorrencias_geom]
1000000,True,espacial,15,4.924,1,Aggregate > Bitmap Heap Scan > Bitmap Index Scan[idx_ocorrencias_geom]
1000000,True,espacial,16,5.571,1,Aggregate > Bitmap Heap Scan > Bitmap Index Scan[idx_ocorrencias_geom]
1000000,True,espacial,17,5.199,1,Aggregate > Bitmap Heap Scan > Bitmap Index Scan[idx_ocorrencias_geom]
1000000,True,espacial,18,5.438,1,Aggregate > Bitmap Heap Scan > Bitmap Index Scan[idx_ocorrencias_geom]
1000000,True,espacial,19,5.091,1,Aggregate > Bitmap Heap Scan > Bitmap Index Scan[idx_ocorrencias_geom]
